{
    "pools": [
      {
        "rolls": {
          "min": 3,
          "max": 5
        },
        "entries": [
          {
            "type": "minecraft:item",
            "weight": 5,
            "name": "minecraft:gold_ingot"
          },
          {
            "type": "minecraft:item",
            "weight": 5,
            "name": "minecraft:diamond"
          },
          {
            "type": "minecraft:item",
            "weight": 5,
            "name": "minecraft:netherite_ingot"
          },
          {
            "type": "minecraft:item",
            "weight": 30,
            "name": "minecraft:cookie",
            "functions": [
              {
                "function": "minecraft:set_count",
                "count": {
                  "min": 3,
                  "max": 10
                }
              }
            ]
          },
          {
            "type": "minecraft:item",
            "weight": 1,
            "name": "minecraft:diamond_sword",
            "functions": [
              {
                "function": "minecraft:enchant_with_levels",
                "levels": {
                  "min": 30,
                  "max": 50
                }
              },
              {
                "function": "minecraft:enchant_randomly"
              }
            ]
          },
          {
            "type": "minecraft:item",
            "weight": 1,
            "name": "minecraft:diamond_boots",
            "functions": [
              {
                "function": "minecraft:enchant_with_levels",
                "levels": {
                  "min": 30,
                  "max": 50
                }
              },
              {
                "function": "minecraft:enchant_randomly"
              }
            ]
          },
          {
            "type": "minecraft:item",
            "weight": 1,
            "name": "minecraft:diamond_leggings",
            "functions": [
              {
                "function": "minecraft:enchant_with_levels",
                "levels": {
                  "min": 30,
                  "max": 50
                }
              },
              {
                "function": "minecraft:enchant_randomly"
              }
            ]
          },
          {
            "type": "minecraft:item",
            "weight": 1,
            "name": "minecraft:diamond_chestplate",
            "functions": [
              {
                "function": "minecraft:enchant_with_levels",
                "levels": {
                  "min": 30,
                  "max": 50
                }
              },
              {
                "function": "minecraft:enchant_randomly"
              }
            ]
          },
          {
            "type": "minecraft:item",
            "weight": 1,
            "name": "minecraft:diamond_helmet",
            "functions": [
              {
                "function": "minecraft:enchant_with_levels",
                "levels": {
                  "min": 30,
                  "max": 50
                }
              },
              {
                "function": "minecraft:enchant_randomly"
              }
            ]
          },
          {
            "type": "minecraft:item",
            "weight": 1,
            "name": "minecraft:diamond_axe",
            "functions": [
              {
                "function": "minecraft:enchant_with_levels",
                "levels": {
                  "min": 30,
                  "max": 50
                }
              },
              {
                "function": "minecraft:enchant_randomly"
              }
            ]
          },
          {
            "type": "minecraft:item",
            "weight": 1,
            "name": "minecraft:diamond_pickaxe",
            "functions": [
              {
                "function": "minecraft:enchant_with_levels",
                "levels": {
                  "min": 30,
                  "max": 50
                }
              },
              {
                "function": "minecraft:enchant_randomly"
              }
            ]
          },
          {
            "type": "minecraft:item",
            "weight": 1,
            "name": "minecraft:diamond_shovel",
            "functions": [
              {
                "function": "minecraft:enchant_with_levels",
                "levels": {
                  "min": 30,
                  "max": 50
                }
              },
              {
                "function": "minecraft:enchant_randomly"
              }
            ]
          },
          {
            "type": "minecraft:item",
            "weight": 1,
            "name": "minecraft:diamond_hoe",
            "functions": [
              {
                "function": "minecraft:enchant_with_levels",
                "levels": {
                  "min": 30,
                  "max": 50
                }
              },
              {
                "function": "minecraft:enchant_randomly"
              }
            ]
          },
          {
            "type": "minecraft:item",
            "weight": 5,
            "name": "minecraft:emerald"
          },
          {
            "type": "minecraft:item",
            "weight": 5,
            "name": "minecraft:iron_ingot"
          },
          {
            "type": "minecraft:item",
            "weight": 10,
            "name": "minecraft:golden_apple"
          },
          {
            "type": "minecraft:item",
            "weight": 10,
            "name": "minecraft:cake"
          },
          {
            "type": "minecraft:item",
            "weight": 1,
            "name": "minecraft:bow",
            "functions": [
              {
                "function": "minecraft:enchant_randomly"
              },
              {
                "function": "minecraft:enchant_with_levels",
                "levels": {
                  "min": 30,
                  "max": 50
                }
              }
            ]
          },
          {
            "type": "minecraft:item",
            "weight": 5,
            "name": "minecraft:lapis_lazuli"
          },
          {
            "type": "minecraft:item",
            "weight": 1,
            "name": "minecraft:book",
            "functions": [
              {
                "function": "minecraft:enchant_with_levels",
                "levels": {
                  "min": 50,
                  "max": 100
                }
              },
              {
                "function": "minecraft:enchant_randomly"
              }
            ]
          }
        ]
      }
    ]
  }